feature_set,model,evaluated_on,accuracy,precision,recall,f1,roc_auc,fpr,fnr
20 features,Logistic Regression,CICIDS2017 (in-dataset),0.9879415456338533,0.9807434117150639,0.9985939147756122,0.9895881715435826,0.9995756443880908,0.026402987429653395,0.001406085224387767
20 features,Logistic Regression,CSE-CIC-IDS2018,0.6422769153998324,0.0,0.0,0.0,0.9863912671896037,0.00036336503762631096,1.0
20 features,Logistic Regression,CICDDoS2019,0.030073947296721682,0.9978883153449085,0.01654876691647406,0.03255760545050907,0.4123701471970225,0.0025048705816866127,0.9834512330835259
20 features,Decision Tree,CICIDS2017 (in-dataset),0.9997758651604806,0.9998437561032772,0.9997656524626021,0.999804702757597,0.9998705293435673,0.00021038236995739757,0.00023434753739796118
20 features,Decision Tree,CSE-CIC-IDS2018,0.6423553313966959,0.0,0.0,0.0,0.5873521383631349,0.00024131876544648131,1.0
20 features,Decision Tree,CICDDoS2019,0.014597587790829307,1.0,0.0008210180623973727,0.0016406890894175555,0.44540228531355525,0.0,0.9991789819376026
20 features,Random Forest,CICIDS2017 (in-dataset),0.9999103460641923,0.9999218841542007,0.9999218841542007,0.9999218841542007,0.9999998983134075,0.00010519118497869878,7.811584579932039e-05
20 features,Random Forest,CSE-CIC-IDS2018,0.6425103812086757,0.0,0.0,0.0,0.6003840129192001,0.0,1.0
20 features,Random Forest,CICDDoS2019,0.013787889835028839,0.0,0.0,0.0,0.6979698685744066,0.0,1.0
20 features,XGBoost,CICIDS2017 (in-dataset),0.9999327595481442,0.9999218872051242,0.9999609420771003,0.9999414142597691,0.9999995809279822,0.00010519118497869878,3.905792289966019e-05
20 features,XGBoost,CSE-CIC-IDS2018,0.6424462226657874,0.0,0.0,0.0,0.9600874488407206,9.985604087440606e-05,1.0
20 features,XGBoost,CICDDoS2019,0.013787889835028839,0.0,0.0,0.0,0.504664102612236,0.0,1.0
7 features,Logistic Regression,CICIDS2017 (in-dataset),0.924757934373319,0.8843469246717346,0.9996094207710033,0.9384522303503657,0.927934274322435,0.17603744806185243,0.00039057922899660196
7 features,Logistic Regression,UNSW-NB15,0.5591486331447562,0.0,0.0,0.0,0.596369938642462,0.0,1.0
7 features,Decision Tree,CICIDS2017 (in-dataset),0.9997982786444325,0.9997656799187691,0.999882826231301,0.9998242496436174,0.9998271194399355,0.00031557355493609635,0.00011717376869898059
7 features,Decision Tree,UNSW-NB15,0.5591486331447562,0.0,0.0,0.0,0.5,0.0,1.0
7 features,Random Forest,CICIDS2017 (in-dataset),0.9998655190962883,0.9998437805116188,0.9999218841542007,0.9998828308076863,0.9999789508753488,0.00021038236995739757,7.811584579932039e-05
7 features,Random Forest,UNSW-NB15,0.5591486331447562,0.0,0.0,0.0,0.38628421926614825,0.0,1.0
7 features,XGBoost,CICIDS2017 (in-dataset),0.9999103460641923,0.9999609390258193,0.999882826231301,0.9999218811030388,0.9999965816870717,5.259559248934939e-05,0.00011717376869898059
7 features,XGBoost,UNSW-NB15,0.5591486331447562,0.0,0.0,0.0,0.279757166529897,0.0,1.0
