target,model,prevalence,roc_auc,pr_auc,best_f1,best_threshold,trivial_all_attack_f1,gain_over_trivial
CSE-CIC-IDS2018,Logistic Regression,0.35748961879132435,0.9863912671896037,0.9526151982771788,0.9910518722294069,3.625587815739394e-16,0.5266922322538634,0.4643596399755435
CICDDoS2019,Logistic Regression,0.9862121101649711,0.4123701471970225,0.9811052772930161,0.993067604382016,7.131342712538335e-142,0.9930581986866027,9.405695413300386e-06
CSE-CIC-IDS2018,Decision Tree,0.35748961879132435,0.5873521383631349,0.4694313064170976,0.5266922322538634,0.0,0.5266922322538634,0.0
CICDDoS2019,Decision Tree,0.9862121101649711,0.44540228531355525,0.985795433491144,0.9930581986866027,0.0,0.9930581986866027,0.0
CSE-CIC-IDS2018,Random Forest,0.35748961879132435,0.6003840129192001,0.47478876160219396,0.5266922322538634,0.0,0.5266922322538634,0.0
CICDDoS2019,Random Forest,0.9862121101649711,0.6979698685744066,0.9913233537060824,0.9930581986866027,0.0,0.9930581986866027,0.0
CSE-CIC-IDS2018,XGBoost,0.35748961879132435,0.9600874488407206,0.9398464697876951,0.9429905168925102,1.1425394404795952e-05,0.5266922322538634,0.4162982846386468
CICDDoS2019,XGBoost,0.9862121101649711,0.504664102612236,0.9888239108777229,0.993075466594536,6.693117029499263e-07,0.9930581986866027,1.726790793332711e-05
UNSW-NB15,Logistic Regression,0.4408513668552439,0.596369938642462,0.5101647726143086,0.629362909115614,9.69388805336599e-09,0.6119317745000055,0.017431134615608523
UNSW-NB15,Decision Tree,0.4408513668552439,0.5,0.4408513668552439,0.6119317745000055,0.0,0.6119317745000055,0.0
UNSW-NB15,Random Forest,0.4408513668552439,0.38628421926614825,0.4316036524025803,0.6119317745000055,0.0,0.6119317745000055,0.0
UNSW-NB15,XGBoost,0.4408513668552439,0.279757166529897,0.4325602057170734,0.6121038667113452,9.643961220717756e-07,0.6119317745000055,0.00017209221133973607
