feature,source_mean,target_mean,source_std,target_std,ks_statistic,ks_pvalue,significant_shift,wasserstein_normalized
Init_Win_bytes_forward,3883.370848834598,59229.07028730102,4044.7246695449303,13621.873584970013,0.9913754854405232,0.0,True,13.684493890767543
act_data_pkt_fwd,3.292878694671471,1012.9068203458779,1.5597808663704433,11164.049841040463,0.9795603483946981,0.0,True,650.3773857904972
Flow IAT Std,5125525.108757941,3332.031620659877,8095565.8710880345,3251.0434468520893,0.9370270992171527,0.0,True,0.6327158791246875
Fwd Packet Length Max,14.897110661940612,244.45909836433339,6.738024275434993,118.5222752923666,0.824962236590874,0.0,True,34.381360380056904
Fwd Packet Length Mean,7.4005535536874545,81.67035576455136,1.2371761605757186,39.225855190571735,0.824962236590874,0.0,True,61.7286817834658
Total Length of Fwd Packets,31.93059339328783,32631.354542327423,11.96939567737733,357232.72141805454,0.824952472014803,0.0,True,2724.2561575847167
Bwd Packets/s,67.36693939037261,681.9394489635685,4049.4799916740894,969.1946455241301,0.7372481976946861,0.0,True,0.1731278049226063
Init_Win_bytes_backward,145.38243938639403,178.5843283098444,110.63515727825158,85.18161479926542,0.6364453037271387,0.0,True,0.4151555086822489
Packet Length Variance,4250690.262039868,90278.75241550468,4546233.769592685,42835.06322358955,0.6357422542500317,0.0,True,0.9237909428301456
Bwd Packet Length Max,4601.99147552509,763.2757700993564,3964.1551943846753,362.0399754476467,0.6357422542500317,0.0,True,1.0535461793093621
Max Packet Length,4604.17528390505,763.5517545652597,3961.6202563910997,361.4697700308016,0.6357422542500317,0.0,True,1.0542689400232776
Packet Length Mean,736.4088967078059,126.20834496562658,584.3094581793935,59.32201155771034,0.6357422542500317,0.0,True,1.1334167749279247
Bwd IAT Total,444312.9593598344,9550.627685190262,588144.3328392088,8992.09717577907,0.5606968023234007,0.0,True,0.7404036187840698
Total Fwd Packets,4.476062141762116,1014.8981958313185,1.8996514146465304,11163.959967344908,0.537146935773007,0.0,True,533.5828138088938
Fwd IAT Mean,2662028.8555727596,6933.791802534598,4304910.3152128635,7943.006465829495,0.531269861305923,0.0,True,0.6168300698845289
Bwd IAT Mean,111826.04875802371,3183.542561729278,152869.36956843655,2997.3657252562716,0.527313121321733,0.0,True,0.7122206293846516
Fwd Packet Length Min,2.185370712130533,0.27598446590325587,2.887278844058067,2.958941615423374,0.3556039374622787,0.0,True,0.8166377861883605
Bwd Packet Length Min,0.5885891164035113,0.0,28.211676186298895,0.0,0.0021579713116754995,0.9096860469072333,False,0.02086331604391836
Destination Port,80.90170977727001,80.0,220.00381677569075,0.0,1.9529152141872785e-05,1.0,False,0.004098609699076163
URG Flag Count,1.952915214185976e-05,0.0,0.004419136878857271,0.0,1.9529152141872785e-05,1.0,False,0.0044192231825420985
